item,mean,std
Px,-0.00045138456554,0.149247704162
Py,0.411572456522,0.444222849987
Vx,-0.00494725010739,0.151277424946
Vy,0.0809327630367,0.507109545514
