Term,mean,std
Px,-0.00045138456554,0.149247704162
Py,0.411572456522,0.444222849987
Vx,-0.00421621376765,0.152007473243
Vy,0.0713986208794,0.555727911541
