Term,mean,std
Px,-0.00045138456554,0.149247704162
Py,0.411572456522,0.444222849987
Vx,-0.00326318999014,0.153299557967
Vy,0.0619430118362,0.606519678417
